mmsi,vessel_name,timestamp,latitude,longitude,speed_knots,heading
123456789,MV Suspect Alpha,2026-08-27T16:41:01Z,19.8968,-155.5828,14.5,270.0
399775771,Ever Given,2026-08-28T04:16:27Z,21.472859005128885,-154.13437958953008,11.9,345.6
461802290,Emma Maersk,2026-08-27T04:53:37Z,19.471190167388936,-155.77331716730566,15.4,176.6
121386445,Fure West,2026-08-27T19:30:45Z,21.075425749778816,-154.1598911964061,13.7,69.0
988657344,Suezmax Glory,2026-08-27T09:31:44Z,17.97276783556082,-156.33417003578185,5.7,226.8
504751630,Boraq,2026-08-27T12:01:19Z,20.99881273036993,-154.00904618386116,8.5,231.2
361992349,Pioneering Spirit,2026-08-27T21:57:48Z,19.042904916740966,-155.79374860366812,19.0,243.2
657535948,CSCL Globe,2026-08-27T08:45:27Z,21.748022827180314,-156.38646879816707,19.1,353.7
586528548,Knock Nevis,2026-08-27T11:24:29Z,21.418823172667658,-155.83223195754786,8.4,111.5
639096189,TI Europe,2026-08-28T03:15:13Z,19.239679325071286,-157.56677402224082,15.6,79.7
919848814,TI Europe,2026-08-27T19:18:18Z,18.374665111549174,-154.54750322117528,7.4,10.1
392162674,Esso Atlantic,2026-08-28T03:39:58Z,17.914755054026276,-155.33930498827903,7.0,164.5
486681895,Cosco Guangzhou,2026-08-27T19:46:51Z,18.33784234019285,-156.74862589639122,16.6,284.5
883042308,CSCL Globe,2026-08-28T00:44:11Z,19.498220608225513,-155.22848385697873,18.8,198.9
321884987,Pioneering Spirit,2026-08-28T03:01:15Z,18.586020791216285,-156.4735695248257,5.4,351.5
528651909,CMA CGM Marco Polo,2026-08-27T05:06:59Z,20.54488890023182,-156.7847613385848,5.6,169.2
783693316,Ever Given,2026-08-28T01:53:18Z,18.137253133083867,-156.19851995660687,5.3,77.2
190552719,Esso Atlantic,2026-08-28T00:52:33Z,21.595675985751427,-157.0919968655381,19.0,21.9
864991133,Pioneering Spirit,2026-08-27T11:33:15Z,20.553844936059182,-154.86727739002586,18.9,334.6
993931845,TI Europe,2026-08-27T18:13:15Z,20.138875191212584,-155.8587595657645,13.7,358.7
706205459,Cosco Guangzhou,2026-08-27T20:58:05Z,20.53086554998225,-156.5475969582819,12.7,228.7
691545883,Boraq,2026-08-27T20:26:14Z,19.448932691999943,-154.7503271905417,16.8,211.8
216654457,Batillus,2026-08-27T04:51:02Z,21.219863998676633,-154.93860090917255,12.5,357.0
296102501,Nordic Zenith,2026-08-27T15:36:12Z,18.828872656237117,-156.1378800578768,7.7,152.6
223413319,CMA CGM Marco Polo,2026-08-27T17:59:42Z,21.046777877039645,-154.72469680214815,8.0,341.2
182268896,Nordic Zenith,2026-08-27T12:47:01Z,18.86675985027958,-154.30595381017753,12.8,73.0
279564192,BW Tiber,2026-08-28T00:15:41Z,18.793288752149685,-154.65375770444982,15.1,67.0
291757378,Stena Bulk,2026-08-28T00:21:43Z,20.792284549453633,-156.37548180334483,9.9,340.8
980757571,Fure West,2026-08-27T07:02:05Z,19.701346107077576,-154.28858649422017,17.4,289.3
285822178,Hafnia Lise,2026-08-27T11:49:12Z,20.665843116808535,-157.50647924277078,5.8,209.2
900006767,Knock Nevis,2026-08-27T12:21:00Z,18.222042193045247,-157.39267460161082,9.7,61.7
695786747,Knock Nevis,2026-08-27T17:27:47Z,20.113358133219513,-156.78675292842232,14.8,50.2
248821387,Esso Atlantic,2026-08-27T07:01:54Z,19.34802204477501,-155.01827403390513,14.3,79.3
892647207,Fure West,2026-08-27T14:29:20Z,18.29137706159037,-156.45503745454388,10.7,165.9
711652726,MV Seawise Giant,2026-08-27T18:54:23Z,21.82205715188482,-154.78011657028688,12.4,61.2
140745076,MSC Oscar,2026-08-27T09:42:06Z,20.12923294217117,-155.22678338261065,15.7,359.1
645721866,Oasis of the Seas,2026-08-27T20:10:21Z,20.7923223218943,-155.10867877737246,13.5,66.8
101062232,Batillus,2026-08-27T21:44:55Z,19.882854573285073,-154.31915576727826,12.7,121.4
374953341,Boraq,2026-08-27T22:28:20Z,20.079286366988192,-156.50471881548572,17.1,163.0
394206781,Boraq,2026-08-27T16:41:28Z,18.05587010327024,-157.12430801456836,8.3,218.0
404378070,Batillus,2026-08-27T19:26:11Z,20.45303683515755,-156.63792090438355,8.7,25.3
933854601,Boraq,2026-08-27T11:41:26Z,21.710411687839365,-155.00979442271213,19.4,56.2
629357187,BW Tiber,2026-08-27T05:23:42Z,21.598729775940274,-154.25408689972522,6.8,160.4
407420958,Stena Bulk,2026-08-27T05:25:06Z,21.485016473657538,-154.88418296259414,19.1,88.0
382341446,Oasis of the Seas,2026-08-27T20:42:16Z,19.108587038524803,-154.46425894828522,13.9,341.1
219570070,MV Seawise Giant,2026-08-27T12:13:17Z,20.868153803787166,-157.56048361458102,7.4,335.3
420430217,Fure West,2026-08-28T00:30:34Z,21.45135539492048,-154.81209369699872,5.8,309.0
944584342,Pioneering Spirit,2026-08-27T18:53:33Z,18.572349093468503,-156.2519173452873,16.9,345.0
659526892,Stena Bulk,2026-08-27T11:46:10Z,21.368027932234128,-156.55751540598948,8.7,185.0
965611545,Cosco Guangzhou,2026-08-27T18:48:06Z,21.47804581817671,-153.70077643711915,6.4,350.7
714490179,BW Tiber,2026-08-27T07:02:35Z,19.376850892313136,-155.71785648859722,17.8,114.0
873890089,Ever Given,2026-08-27T10:02:19Z,21.204694429178062,-154.53327116880766,18.6,108.8
292575639,Batillus,2026-08-27T11:53:07Z,19.095207089254032,-153.69397330505188,6.3,60.6
711611894,Suezmax Glory,2026-08-27T10:04:37Z,21.244173540013165,-156.72869553563683,19.6,140.1
692680000,Esso Atlantic,2026-08-27T16:19:43Z,19.127896958143488,-156.87282675072902,19.9,193.0
513158074,Nordic Zenith,2026-08-27T23:47:54Z,18.395652266331872,-156.86711503409427,10.3,220.2
551853325,CSCL Globe,2026-08-27T22:50:04Z,21.56006348439635,-156.4372323804724,13.5,24.5
287323267,Berge Emperor,2026-08-27T22:30:43Z,20.90714181014961,-153.9111339195268,10.1,5.9
268554262,BW Tiber,2026-08-27T11:46:28Z,18.606912063507867,-155.6524615285428,8.7,193.6
225290288,CSCL Globe,2026-08-27T09:38:47Z,18.17899377110318,-156.27572192898677,7.5,309.1
200172048,Fure West,2026-08-27T17:56:06Z,19.720219759133585,-155.56987176654036,9.6,82.3
241584732,Torm Gertrude,2026-08-27T11:02:54Z,19.32593333408003,-155.14157499424994,19.0,153.1
508614198,CSCL Globe,2026-08-27T18:18:25Z,18.92569557473305,-157.24867631231717,17.0,285.9
536108016,MV Seawise Giant,2026-08-27T15:51:45Z,18.67780506697791,-154.3062156994689,16.7,177.2
571754905,Suezmax Glory,2026-08-27T08:41:18Z,21.68808787262993,-156.45524801587203,9.5,234.9
955919221,Emma Maersk,2026-08-27T07:33:32Z,18.236664850622336,-157.13685414753255,12.8,160.0
715958983,Fure West,2026-08-27T10:11:50Z,21.17416306053734,-155.39722649652253,15.2,98.9
566852434,Hafnia Lise,2026-08-27T05:42:05Z,21.223635140622896,-156.89467366879992,8.2,199.0
111161207,Nordic Zenith,2026-08-28T02:04:48Z,18.505628330758555,-155.83196504566789,12.1,230.3
391121863,Emma Maersk,2026-08-28T03:25:44Z,18.21595170218112,-154.90150101904305,12.3,143.9
301822722,CSCL Globe,2026-08-27T12:55:49Z,18.465086510162365,-153.6799190307151,16.7,63.2
554504063,CSCL Globe,2026-08-27T13:01:43Z,20.687313313758953,-156.27897838282814,9.3,286.6
184852097,Oasis of the Seas,2026-08-28T01:12:27Z,19.30752931648574,-156.7512678208714,16.1,215.1
574363711,Pioneering Spirit,2026-08-27T18:29:15Z,21.055192733124773,-153.8755177264219,17.7,227.5
325773076,Torm Gertrude,2026-08-27T19:39:42Z,21.271478241562242,-153.84536940442493,9.1,233.4
634879905,Batillus,2026-08-27T13:07:47Z,18.395578679221604,-154.53665811930904,9.6,131.8
250377315,Berge Emperor,2026-08-27T14:42:21Z,20.36562013745191,-156.27313830756137,13.7,262.8
818450156,Ever Given,2026-08-27T22:38:29Z,18.573218778035102,-155.6806072322763,15.9,79.2
823053736,Suezmax Glory,2026-08-28T04:38:30Z,18.21523740857846,-153.93570543117062,18.1,33.2
149932931,Knock Nevis,2026-08-27T11:35:46Z,19.910078383387926,-155.0686538006118,15.5,326.5
992997080,Batillus,2026-08-28T02:39:14Z,21.768369292621184,-154.3687041480946,14.9,140.4
295909403,MSC Oscar,2026-08-27T12:59:34Z,19.51543737907892,-154.52533162328172,19.8,234.3
845692272,Pioneering Spirit,2026-08-27T19:16:01Z,19.301360537881294,-157.00319177239973,12.7,181.3
118372775,Ever Given,2026-08-27T12:50:43Z,18.10037303444794,-154.84604840678597,15.7,120.4
824234369,Torm Gertrude,2026-08-28T03:07:19Z,21.1900984204627,-154.96116486819014,16.4,122.3
995599390,Oasis of the Seas,2026-08-27T17:17:46Z,18.851114987351735,-155.89972324573304,9.2,46.4
611284149,Knock Nevis,2026-08-28T02:44:02Z,19.53639768516643,-154.11491949053,14.8,76.7
408851569,BW Tiber,2026-08-28T03:02:27Z,21.12899489285663,-154.4854691787745,9.6,296.0
254709570,TI Europe,2026-08-28T00:03:06Z,18.244132043741544,-154.1919721354215,14.1,25.1
738499533,Fure West,2026-08-27T21:07:22Z,18.58597842375253,-155.8322485759698,13.1,312.2
989201786,Fure West,2026-08-27T15:57:24Z,18.98726473882288,-155.7696510581366,6.4,77.5
486004055,Cosco Guangzhou,2026-08-28T00:20:35Z,19.289943415289663,-155.86832794088195,19.2,143.0
272443604,CSCL Globe,2026-08-27T07:10:49Z,20.566709473311896,-154.23868411461112,9.9,334.7
264868747,Ever Given,2026-08-27T19:18:00Z,18.780526592472302,-154.9373844521312,13.8,164.5
621790852,Fure West,2026-08-27T15:12:56Z,20.424907589573227,-157.5264740992001,9.6,103.5
448999732,Fure West,2026-08-27T15:29:11Z,18.44305800616891,-155.66432066103732,14.4,272.6
312990450,Batillus,2026-08-27T23:21:10Z,19.941570260410902,-154.23675106731497,17.0,38.2
459238814,MV Seawise Giant,2026-08-28T02:15:25Z,18.604331905938814,-155.8761316712845,7.2,261.5
695257968,Suezmax Glory,2026-08-27T18:27:37Z,21.690904021756122,-154.98272643430997,14.3,180.0
353985211,Pioneering Spirit,2026-08-27T05:48:47Z,18.39374829405374,-155.58936251793486,8.6,80.1
542756143,BW Tiber,2026-08-27T22:53:52Z,20.90679956851412,-154.25626386497322,17.9,337.2
691357629,Boraq,2026-08-27T15:24:58Z,18.655775456812012,-153.99028467872608,19.3,13.3
476698958,CSCL Globe,2026-08-27T12:18:40Z,21.894223526367718,-154.94782849913622,12.7,305.5
725259467,Ever Given,2026-08-27T05:01:29Z,18.21415367896967,-157.37815673168717,6.7,339.3
972004284,Hafnia Lise,2026-08-27T15:27:22Z,20.489475265508748,-156.22276294166886,19.0,329.2
607404351,Stena Bulk,2026-08-27T16:27:01Z,21.01886766439859,-154.65257833304082,14.7,74.9
593288076,Fure West,2026-08-27T05:54:57Z,17.900302409719124,-156.26866781218135,14.8,160.0
885096778,CSCL Globe,2026-08-27T13:27:16Z,20.269526327700426,-157.05960795742106,17.1,292.8
445892243,CMA CGM Marco Polo,2026-08-27T16:09:23Z,20.006083504865476,-154.68667029952448,14.7,266.6
684713610,Nordic Zenith,2026-08-27T18:06:17Z,18.128834600871688,-154.75054429950873,10.8,69.5
593893342,MSC Oscar,2026-08-28T00:55:55Z,20.772001129123367,-156.0384834518348,18.1,279.9
532733583,MV Seawise Giant,2026-08-27T23:38:33Z,20.141367278792448,-156.08165327903922,15.8,206.3
480255344,Nordic Zenith,2026-08-27T04:58:23Z,21.117745465893947,-155.86884300489024,19.8,29.1
653180265,Torm Gertrude,2026-08-27T23:27:57Z,19.829701207659884,-154.11163914003404,17.4,122.9
373441429,TI Europe,2026-08-27T20:13:20Z,20.370513396595083,-157.3559709711817,18.2,104.0
464204884,Oasis of the Seas,2026-08-27T18:45:26Z,21.692625251649524,-156.74120776709242,20.0,3.5
731007647,TI Europe,2026-08-27T05:53:52Z,20.164968108010793,-156.97781409515096,9.4,239.2
643902894,Cosco Guangzhou,2026-08-27T15:33:08Z,21.02455198939848,-155.91763502794237,13.9,208.1
266632148,TI Europe,2026-08-27T06:25:53Z,19.097405079401906,-155.70690295954861,11.0,145.5
230369127,Cosco Guangzhou,2026-08-28T01:54:02Z,19.721790792171692,-154.93548347773327,5.7,31.8
846380168,Hafnia Lise,2026-08-27T12:12:44Z,21.4266683899122,-154.43002276378596,16.0,237.3
110547447,TI Europe,2026-08-27T09:26:42Z,18.0610096970988,-154.29516923308884,12.9,356.8
150256649,Knock Nevis,2026-08-27T12:33:05Z,21.61109753423947,-154.9569632383564,8.4,67.6
293210753,Torm Gertrude,2026-08-27T18:14:35Z,18.11961539395025,-156.816033045352,10.8,199.5
227778675,Oasis of the Seas,2026-08-27T22:22:20Z,18.643018206972272,-154.47964395536337,10.9,63.1
738892533,Berge Emperor,2026-08-28T02:49:21Z,17.900014931894084,-156.33995806051232,6.7,298.8
705886354,Cosco Guangzhou,2026-08-27T20:33:47Z,18.057029540078805,-154.09932300538256,19.5,179.3
353950537,Emma Maersk,2026-08-27T19:43:21Z,18.238563939569026,-155.6118117225589,15.2,311.1
762323827,Esso Atlantic,2026-08-27T17:26:04Z,20.725399210462555,-154.8405992096366,14.8,211.9
401837807,MSC Oscar,2026-08-27T08:06:11Z,18.630714179228075,-153.60911280407626,14.3,93.8
732272099,Nordic Zenith,2026-08-28T04:36:02Z,21.64612115446964,-154.74106733811533,11.7,122.9
257590844,Fure West,2026-08-27T15:18:58Z,20.816885071743204,-156.0703319421623,7.2,158.1
750691577,Ever Given,2026-08-27T08:42:30Z,21.104094996839102,-155.70021527973776,14.5,143.6
471466516,Pioneering Spirit,2026-08-27T10:48:02Z,20.743539147891006,-157.25951622519992,15.5,63.1
475249491,BW Tiber,2026-08-27T19:10:55Z,18.910457369659724,-154.79365462020843,12.4,260.0
512673108,CSCL Globe,2026-08-27T19:04:36Z,19.660048746249586,-157.4384914461216,9.1,302.5
878103341,MV Seawise Giant,2026-08-28T02:47:13Z,19.12148299242778,-156.10549313097417,14.8,177.3
932570626,Emma Maersk,2026-08-27T04:47:09Z,21.211204095383085,-156.20544002577236,9.8,73.3
688325571,BW Tiber,2026-08-27T15:00:45Z,18.09542697267732,-156.54519978825655,7.6,306.3
151939746,Nordic Zenith,2026-08-27T06:45:13Z,19.638204321767734,-156.39875438533736,5.4,219.3
452193677,MSC Oscar,2026-08-28T02:44:35Z,18.62060753490114,-153.66450596745818,9.3,288.5
927101731,Oasis of the Seas,2026-08-27T05:59:47Z,20.157509305496596,-155.54840793893644,14.5,176.0
106888041,Oasis of the Seas,2026-08-27T16:55:37Z,18.63184200353347,-155.8773919614476,18.3,211.7
547147551,Berge Emperor,2026-08-27T05:23:06Z,21.8290868780825,-154.97924662563233,12.2,264.1
553471661,Batillus,2026-08-27T13:35:41Z,19.999699858959865,-153.7773023437543,14.1,285.4
545923764,MV Seawise Giant,2026-08-27T12:30:43Z,19.95389186545435,-154.3281388669451,19.5,198.5
575255674,Hafnia Lise,2026-08-27T11:34:07Z,18.07559022008573,-153.6575073529972,5.3,31.4
343203040,Nordic Zenith,2026-08-27T16:06:43Z,18.12567179467247,-156.47116532604647,8.8,242.7
167127357,TI Europe,2026-08-27T21:26:02Z,19.6794223051619,-155.54736647678547,19.3,104.9
763705663,Boraq,2026-08-27T20:59:18Z,20.17554379072973,-156.99142754456855,10.1,306.1
835072244,Fure West,2026-08-27T12:31:35Z,20.720225893511355,-155.95524017871628,8.4,323.7
979906809,Batillus,2026-08-27T05:48:46Z,20.51601971902787,-154.15673446426334,16.0,117.5
428228101,Boraq,2026-08-27T11:03:32Z,21.2294601606055,-156.69313926468797,12.6,90.6
769162570,CSCL Globe,2026-08-27T18:41:14Z,20.13796792965678,-155.59898118016454,8.5,199.2
797150046,Boraq,2026-08-27T17:39:29Z,18.246015534352132,-154.1760630052944,10.0,355.4
794938909,Oasis of the Seas,2026-08-27T14:24:30Z,19.56851815595705,-153.83878218751747,8.1,319.3
814171223,CSCL Globe,2026-08-27T17:07:53Z,20.609709707344276,-154.68968135606724,9.3,171.7
165614188,CSCL Globe,2026-08-27T20:04:22Z,21.228812897503264,-154.5412985552224,6.9,41.1
286341812,Berge Emperor,2026-08-27T21:48:38Z,20.350826008119355,-156.4505672996675,8.0,38.5
263773441,Batillus,2026-08-28T03:07:19Z,18.455704671300246,-156.23279511810324,8.6,151.8
884810401,Batillus,2026-08-27T13:52:05Z,18.30633440315225,-156.6899076775989,10.1,251.9
797404666,Ever Given,2026-08-27T13:48:46Z,20.210217552703057,-156.69618056233085,9.8,192.3
470373861,TI Europe,2026-08-27T20:24:21Z,20.54958386678644,-154.90361060223776,5.1,221.6
588460752,TI Europe,2026-08-27T19:58:13Z,19.147183833956674,-154.0746949429219,9.7,188.5
119546903,Berge Emperor,2026-08-27T07:00:49Z,20.51340409079562,-155.13384915323854,19.9,63.6
611437870,MSC Oscar,2026-08-27T13:50:58Z,20.147209609899853,-155.95155863745146,7.1,68.4
120609493,Batillus,2026-08-27T21:18:36Z,19.730221702380213,-157.28024056176682,14.0,207.1
334017078,Oasis of the Seas,2026-08-27T15:11:58Z,19.4335640723659,-156.52819121054122,15.7,305.0
694882370,Oasis of the Seas,2026-08-28T04:24:20Z,19.301669592459398,-156.37986501263396,7.9,86.7
544871274,Fure West,2026-08-27T20:31:58Z,18.839790572370653,-155.3836685002435,6.0,257.7
456588785,Nordic Zenith,2026-08-27T13:59:05Z,20.860216529956087,-157.17876939759768,17.8,290.4
168331703,Emma Maersk,2026-08-27T05:02:20Z,20.04724471456666,-156.93755856314354,5.5,220.2
106969494,TI Europe,2026-08-27T06:36:29Z,21.83209204225594,-156.7375738292703,8.8,149.9
465241209,MSC Oscar,2026-08-27T23:27:57Z,20.97625743372327,-153.66977250273771,14.0,140.4
516058297,Suezmax Glory,2026-08-27T19:19:31Z,20.641490885968135,-154.29020637666105,7.6,189.8
440575788,Berge Emperor,2026-08-27T09:45:09Z,21.583397053170447,-153.59257540959578,6.1,268.7
989124875,Cosco Guangzhou,2026-08-27T11:17:05Z,18.425144845775236,-154.91475054872424,10.4,195.0
824510383,Torm Gertrude,2026-08-27T16:58:11Z,20.62740075484353,-157.1815379114291,10.2,286.1
891678527,Emma Maersk,2026-08-27T19:41:40Z,19.128894222581735,-155.09178314309395,8.6,0.7
403097259,Oasis of the Seas,2026-08-27T05:13:25Z,21.51471300173657,-154.49608817814124,17.3,250.9
328152225,Boraq,2026-08-27T21:00:36Z,21.12341698963126,-153.80545261036443,17.1,220.2
735098419,Stena Bulk,2026-08-27T15:22:03Z,19.92304831869719,-154.71786488021633,16.4,217.6
984939411,CSCL Globe,2026-08-27T07:55:19Z,20.745552269375068,-155.30780258594064,19.5,222.9
638260714,Hafnia Lise,2026-08-27T13:16:48Z,21.454668643070043,-154.54158168856011,5.6,131.8
919700785,MSC Oscar,2026-08-28T02:24:48Z,19.418979327677704,-154.93930397064912,14.3,187.4
609481203,CSCL Globe,2026-08-28T03:35:50Z,20.162366981411044,-155.59756316439706,17.5,341.0
997916321,MV Seawise Giant,2026-08-27T16:56:53Z,21.399957682115602,-154.0458059335297,6.6,252.9
104550007,Boraq,2026-08-27T10:37:53Z,20.008094821919716,-154.4461236734848,17.6,105.8
302833332,Hafnia Lise,2026-08-27T04:55:08Z,18.753172772283754,-155.0543871580386,12.5,309.1
663091364,Emma Maersk,2026-08-28T04:15:31Z,19.93195758193964,-155.09662430535622,8.7,252.4
301688110,Berge Emperor,2026-08-27T11:45:36Z,21.239238016933637,-154.02912210916276,6.4,323.6
218185413,Pioneering Spirit,2026-08-27T18:54:09Z,19.102647467396,-154.84386655353794,17.3,314.1
552038120,MSC Oscar,2026-08-27T20:08:37Z,21.354218064896823,-157.52957225567812,17.8,324.8
864814799,Oasis of the Seas,2026-08-28T01:41:43Z,17.934645408286936,-157.44343034390536,14.1,46.0
349706812,MSC Oscar,2026-08-27T14:41:36Z,21.77086228765575,-153.6760140651941,15.6,82.9
445135750,Torm Gertrude,2026-08-27T12:01:19Z,20.591756159565186,-156.62180313019437,5.7,227.3
101381667,Torm Gertrude,2026-08-28T01:09:02Z,17.93557419619258,-154.91334269001402,5.1,298.5
793293236,Berge Emperor,2026-08-27T11:11:19Z,18.370044156610607,-154.27953210134285,11.7,102.0
982814007,CMA CGM Marco Polo,2026-08-28T01:23:16Z,18.960704336672773,-155.96789818356052,9.5,356.0
250033742,Knock Nevis,2026-08-27T11:48:23Z,21.63949479397521,-154.58568147537918,17.9,330.3
452924462,Stena Bulk,2026-08-27T10:51:33Z,20.316461238069564,-156.4223311091716,13.4,78.9
424429763,CMA CGM Marco Polo,2026-08-27T07:12:13Z,21.150369523303986,-154.55271498508066,19.5,12.4
370169380,Oasis of the Seas,2026-08-27T12:51:03Z,21.85668082248195,-153.68581145866563,12.6,76.7
559918039,Nordic Zenith,2026-08-28T03:17:49Z,19.51077460779625,-155.65705676920018,16.2,295.7
249071793,TI Europe,2026-08-27T06:54:00Z,19.479487556780395,-154.92757749432116,6.5,143.5
559256749,Hafnia Lise,2026-08-27T13:49:49Z,18.514534970377447,-156.49246048194556,16.3,162.6
526604864,Cosco Guangzhou,2026-08-27T11:54:07Z,18.121348471198097,-156.1415474000638,19.3,162.5
761293902,Emma Maersk,2026-08-28T02:11:24Z,18.277232907875987,-155.9690244630981,7.8,62.4
179803221,MV Seawise Giant,2026-08-28T02:16:54Z,21.411163168055182,-154.05117141764214,8.7,93.6
680713572,TI Europe,2026-08-27T21:36:28Z,18.88510874348944,-155.91145153367697,5.4,120.7
165191804,CMA CGM Marco Polo,2026-08-27T13:35:15Z,18.194859240667473,-157.06922510609084,20.0,19.7
849458740,Stena Bulk,2026-08-27T15:01:27Z,20.451379700078686,-157.1548300739826,14.7,276.0
736750333,CSCL Globe,2026-08-28T02:07:38Z,18.42504503683098,-156.033489814246,5.3,145.8
416861600,BW Tiber,2026-08-27T23:23:42Z,21.365937120239927,-157.23803524695805,11.3,33.1
944076316,Hafnia Lise,2026-08-27T04:55:29Z,19.012500206584594,-155.18948519006437,18.6,211.7
184522143,Emma Maersk,2026-08-27T09:46:30Z,19.643992807937632,-157.48573231808933,5.1,225.7
438140219,Nordic Zenith,2026-08-27T22:52:52Z,21.646650739988758,-157.3249590001597,9.9,281.5
398968414,Batillus,2026-08-27T08:13:28Z,19.12343161016283,-156.01372230501033,14.7,26.9
281053549,MV Seawise Giant,2026-08-27T04:43:40Z,21.263087292872555,-153.7007930883282,19.3,24.5
437476783,Oasis of the Seas,2026-08-27T20:48:07Z,19.038793510052802,-153.74099797219932,17.8,220.1
173441223,TI Europe,2026-08-27T09:50:51Z,21.172235937881304,-154.9837414152089,8.8,20.7
243073288,Hafnia Lise,2026-08-27T14:12:32Z,21.514768332717214,-154.1434046677018,17.4,125.5
675732359,Cosco Guangzhou,2026-08-27T13:42:31Z,18.305966573856274,-154.28199461051508,12.9,327.6
872142369,MSC Oscar,2026-08-27T21:31:27Z,18.675495440424925,-157.53062047404197,10.7,141.6
344464405,Batillus,2026-08-28T00:32:07Z,20.861778944362808,-154.9526736601427,5.7,54.8
490434422,Boraq,2026-08-27T17:59:40Z,20.633673856556715,-155.76797932543033,18.3,65.8
145799708,MSC Oscar,2026-08-27T07:32:48Z,18.108420436745455,-156.09693276787635,8.3,165.0
964204384,Esso Atlantic,2026-08-28T01:25:42Z,18.520584781993897,-153.74267499204942,6.9,8.2
700240878,Fure West,2026-08-27T10:51:08Z,19.7980841401647,-155.5606637671585,15.0,18.3
170287377,Ever Given,2026-08-27T06:15:29Z,18.048434299897057,-154.13236917762012,9.9,115.9
868936525,Stena Bulk,2026-08-28T04:39:19Z,19.512672002741912,-154.3263118576944,8.6,31.4
434523638,Hafnia Lise,2026-08-27T21:30:43Z,20.371264926844972,-157.51048900856293,5.2,201.4
597703308,Suezmax Glory,2026-08-27T11:10:18Z,18.539259287059796,-157.06149531446988,7.2,289.1
605462963,Stena Bulk,2026-08-27T04:57:42Z,20.266068500588894,-155.7063354641316,14.1,113.0
968839511,Ever Given,2026-08-28T03:23:34Z,20.58507802236189,-154.4377577911329,16.9,306.4
948844678,Nordic Zenith,2026-08-28T01:42:58Z,18.00080209922656,-156.41268242834366,18.1,81.0
810660318,Hafnia Lise,2026-08-27T14:25:30Z,19.320376255086117,-157.28316908476637,11.5,10.1
571087240,Hafnia Lise,2026-08-27T14:06:15Z,21.421816423457305,-154.00532860713406,16.2,276.4
133334635,Nordic Zenith,2026-08-27T18:52:32Z,20.910849730285545,-154.47486549174542,7.3,294.3
860061008,MV Seawise Giant,2026-08-28T01:59:30Z,18.61118797157555,-153.97376729793234,19.1,125.5
968196586,Esso Atlantic,2026-08-27T13:33:08Z,21.30132649913599,-156.75763495626995,6.2,287.9
778722124,CMA CGM Marco Polo,2026-08-27T16:48:28Z,17.925614317623577,-153.96022619620314,9.2,75.3
229865882,CSCL Globe,2026-08-27T13:38:53Z,17.99707335916948,-155.4512256155906,17.9,267.7
631626120,Knock Nevis,2026-08-27T13:44:12Z,18.632000073587747,-155.63714182312717,19.5,299.0
564584449,Stena Bulk,2026-08-27T12:53:30Z,21.274691866341218,-155.62658411901683,6.9,271.9
954394300,MSC Oscar,2026-08-27T07:17:09Z,18.274819033455,-157.35570811772595,9.4,326.3
886769345,Hafnia Lise,2026-08-27T22:03:45Z,21.648466751433382,-155.06112881408362,17.2,39.8
645739152,MSC Oscar,2026-08-28T04:04:33Z,20.15002680103409,-156.12797529020676,18.1,130.8
919206479,Suezmax Glory,2026-08-27T18:44:29Z,17.95749678616782,-153.70601506372336,10.7,43.0
771093650,Batillus,2026-08-28T01:04:27Z,20.43518364878406,-154.2865072715567,11.8,86.0
486935808,TI Europe,2026-08-28T00:53:50Z,20.58521105629327,-156.06395759900656,17.5,255.1
188735558,Hafnia Lise,2026-08-28T03:42:09Z,19.479502971802866,-154.62906325331613,5.7,235.3
186228516,Pioneering Spirit,2026-08-28T02:01:33Z,18.97551305490772,-155.15463451465325,6.2,209.7
504907302,Esso Atlantic,2026-08-27T22:29:38Z,18.85006833348394,-155.9440117531968,10.6,128.5
134556268,CMA CGM Marco Polo,2026-08-27T16:19:27Z,18.31096443077972,-154.74138624331763,11.0,100.8
834623391,Suezmax Glory,2026-08-27T16:25:27Z,18.125290016684335,-154.44732465926148,14.1,78.8
975995779,Suezmax Glory,2026-08-27T11:36:01Z,19.566398677870858,-157.541040384738,16.9,96.6
133807091,Torm Gertrude,2026-08-28T03:07:20Z,21.38423434172979,-157.29002620976348,6.1,135.9
744168288,Suezmax Glory,2026-08-27T15:23:43Z,17.910572346109376,-157.15841717913122,18.3,25.0
796571373,MSC Oscar,2026-08-28T00:56:20Z,21.397462523814085,-156.4702279722398,11.6,84.2
971790054,Ever Given,2026-08-27T15:55:14Z,20.305752265318443,-156.83546775598685,8.9,154.8
981445225,Knock Nevis,2026-08-27T05:10:08Z,20.012229298046268,-154.74874905600026,9.1,117.2
554352720,Torm Gertrude,2026-08-27T21:50:09Z,18.993797775611817,-156.91572365628738,6.7,169.5
350689143,Hafnia Lise,2026-08-27T21:39:51Z,21.3673609357086,-155.73917017586678,16.5,148.3
966869705,Fure West,2026-08-27T06:06:35Z,20.565328237325218,-156.20824208145189,13.6,145.4
336156836,Knock Nevis,2026-08-28T01:57:38Z,18.067545284459705,-155.15330763478616,15.4,51.5
313596534,Esso Atlantic,2026-08-28T02:59:33Z,21.35734930683915,-155.89524198879653,6.9,10.2
808432205,Berge Emperor,2026-08-27T07:58:15Z,18.949896281896688,-153.93675601525635,10.8,228.0
741359246,Hafnia Lise,2026-08-28T00:38:33Z,20.28251072102895,-157.30169945203141,17.9,254.5
883433404,Berge Emperor,2026-08-27T10:19:01Z,19.201904590233188,-154.67721569462324,12.7,264.4
453549322,Stena Bulk,2026-08-28T00:57:43Z,21.675882371059657,-153.74843617534634,15.5,281.5
676988514,Nordic Zenith,2026-08-27T22:39:19Z,18.285464918295332,-155.01419015016182,10.2,83.1
270177519,Esso Atlantic,2026-08-27T08:38:38Z,21.189573363234835,-155.31045231202788,6.5,85.3
838261482,Ever Given,2026-08-28T02:14:07Z,19.32623661465211,-156.434680597218,13.6,322.7
418522840,Cosco Guangzhou,2026-08-28T04:09:38Z,18.42649456436812,-157.06461834354232,16.6,217.7
392736347,Cosco Guangzhou,2026-08-27T23:46:07Z,19.52478014916559,-154.9489291246781,5.5,266.0
556989360,Torm Gertrude,2026-08-27T12:25:48Z,19.84788942369913,-156.185728833708,13.8,81.8
527277428,Stena Bulk,2026-08-28T03:13:42Z,19.21585063030619,-156.10800546843984,13.0,263.5
647956215,CMA CGM Marco Polo,2026-08-27T17:47:17Z,21.320468559770802,-157.25027040002234,8.3,264.3
313418100,Batillus,2026-08-27T17:23:09Z,18.226594143167166,-154.99827071334667,16.7,347.3
919477825,BW Tiber,2026-08-27T08:57:57Z,19.373249536448103,-155.77397774385463,9.8,200.7
422230762,Oasis of the Seas,2026-08-27T21:03:46Z,19.139680742851098,-155.25638973214726,6.3,55.6
169589958,TI Europe,2026-08-27T18:38:44Z,21.02736696566283,-154.19876623568732,6.7,32.7
386001230,Knock Nevis,2026-08-28T02:26:09Z,18.499265005548647,-157.3990876127286,6.1,73.5
717445991,Boraq,2026-08-27T20:25:11Z,18.7082245056798,-155.93860315173947,12.0,132.4
136624059,Esso Atlantic,2026-08-28T03:36:46Z,20.027280868631355,-156.32179870680795,18.5,292.9
337078337,MSC Oscar,2026-08-27T20:59:26Z,20.914633539707577,-155.9597597325448,18.6,137.1
820932490,Boraq,2026-08-28T00:22:49Z,21.21567685000615,-155.4992715735878,17.0,257.2
917644393,Hafnia Lise,2026-08-28T04:14:51Z,18.68635640443255,-155.74718670357922,9.7,325.8
970133569,Suezmax Glory,2026-08-27T13:38:08Z,19.8330479080306,-156.5836028641305,8.7,347.9
901472643,Esso Atlantic,2026-08-27T15:55:21Z,18.938901401654984,-155.50665918029807,7.8,312.3
322272432,Torm Gertrude,2026-08-27T07:40:52Z,20.215088902281412,-157.4234797987215,9.7,210.2
913596842,Boraq,2026-08-27T12:00:11Z,19.57326607457558,-156.25356560233013,8.3,108.3
745499180,TI Europe,2026-08-27T12:15:33Z,18.490520132205432,-155.25088861065714,8.7,181.1
374163997,Stena Bulk,2026-08-27T05:23:39Z,21.518871145598656,-157.39237776617304,18.8,273.7
801195104,Berge Emperor,2026-08-28T00:52:48Z,21.882995358467415,-156.0142735535628,9.3,200.8
701307587,Berge Emperor,2026-08-27T16:51:22Z,19.589287812897904,-154.23927819245836,15.8,127.9
938648171,Suezmax Glory,2026-08-28T02:02:59Z,18.191411030069595,-156.2058428931455,5.7,100.9
848551243,CSCL Globe,2026-08-27T08:05:47Z,18.94301758774687,-153.95676674134523,8.4,252.2
447393618,Batillus,2026-08-27T09:52:30Z,18.733460467710838,-154.73961416428108,16.5,243.5
324607000,Nordic Zenith,2026-08-27T19:21:52Z,20.179038242322047,-153.6209224578842,9.0,192.3
397358414,Nordic Zenith,2026-08-27T23:07:52Z,18.31626294869872,-153.92048218513898,11.0,55.1
877845330,Batillus,2026-08-27T21:14:21Z,18.14065839147962,-155.03787674251,14.1,162.4
445630075,CSCL Globe,2026-08-27T23:17:05Z,18.184290318138537,-156.508996174942,17.9,279.5
252935984,Suezmax Glory,2026-08-28T03:46:14Z,20.16861267314097,-154.89514849108468,9.4,169.5
431037487,Stena Bulk,2026-08-27T07:08:14Z,20.777062662517647,-156.9091217899279,14.9,255.6
141968394,Suezmax Glory,2026-08-27T06:42:31Z,20.0273827950637,-155.95415019891203,11.0,326.1
848411132,Knock Nevis,2026-08-28T01:40:39Z,21.633034938016575,-153.61869114276843,18.9,82.7
129265720,Hafnia Lise,2026-08-28T00:33:07Z,18.164418153005673,-157.1475711867989,7.7,241.0
401280982,MSC Oscar,2026-08-27T12:36:09Z,18.83055908262919,-156.76563102320287,5.1,134.1
677846322,Knock Nevis,2026-08-27T11:23:39Z,21.339764188589385,-154.5325718906102,9.5,290.4
961782443,BW Tiber,2026-08-27T08:47:19Z,19.245878434602457,-156.16594576081562,13.6,283.9
759668898,Boraq,2026-08-28T00:53:45Z,19.980607787720423,-156.8582761791533,13.5,271.0
430375216,Hafnia Lise,2026-08-27T22:49:07Z,19.410307671044485,-155.30152217418657,12.0,300.6
683735879,Hafnia Lise,2026-08-27T15:00:29Z,18.757595305840297,-153.86655056046683,11.5,61.3
864602491,MV Seawise Giant,2026-08-28T02:51:07Z,20.67152446701818,-155.7964785506338,12.0,55.0
158724830,Knock Nevis,2026-08-27T05:32:49Z,20.422107749969168,-155.85879972843503,9.2,58.1
998757019,Torm Gertrude,2026-08-27T19:51:14Z,21.18194936394213,-155.53863342898188,7.7,280.9
350663405,Boraq,2026-08-27T05:20:10Z,21.7882641038702,-156.95041369121094,8.4,255.5
959311695,Batillus,2026-08-27T20:47:24Z,17.909072938114747,-153.95568277847954,12.1,118.7
260587605,CMA CGM Marco Polo,2026-08-27T21:23:49Z,21.04644813398999,-154.60502818615632,8.1,300.1
307999624,Knock Nevis,2026-08-27T16:21:48Z,18.279266941403773,-154.91190306958708,7.0,184.5
735208864,CSCL Globe,2026-08-27T17:31:01Z,18.0061018715737,-153.7455705355893,16.3,42.3
290768167,Knock Nevis,2026-08-27T12:08:49Z,19.27264599254454,-154.05110178799526,9.4,135.4
997272739,MV Seawise Giant,2026-08-27T16:41:23Z,20.27906944009786,-155.36429288412626,18.0,220.1
304851481,Torm Gertrude,2026-08-28T03:10:50Z,20.295633743067874,-156.25127018626304,17.8,212.7
161268837,Boraq,2026-08-28T03:50:34Z,18.901499009337506,-153.68929976893753,7.7,114.8
181034327,Knock Nevis,2026-08-27T06:20:23Z,19.817373719997995,-154.5683757536254,6.8,92.2
940386254,Oasis of the Seas,2026-08-27T14:50:53Z,19.40515123795063,-156.17297414314504,16.2,32.2
507539153,BW Tiber,2026-08-28T03:43:08Z,19.553474949416998,-155.7509274602772,11.7,204.0
885081385,MV Seawise Giant,2026-08-27T21:36:12Z,18.565194738365435,-154.98615004899662,12.4,347.5
763051040,Oasis of the Seas,2026-08-28T03:13:51Z,19.17057072669159,-157.25359422369615,14.6,40.9
670291407,Torm Gertrude,2026-08-27T17:06:20Z,18.488879454643133,-154.949796280466,11.2,191.6
407449246,BW Tiber,2026-08-27T04:43:14Z,20.153694835364266,-155.14686758198863,11.4,75.1
780635541,BW Tiber,2026-08-27T20:58:15Z,18.308157882826332,-156.16697826525,13.4,229.2
657622902,CMA CGM Marco Polo,2026-08-28T04:07:49Z,20.158687431868707,-155.17175062318768,11.2,334.0
631793480,Boraq,2026-08-28T00:38:07Z,19.90137888936435,-155.00934027721485,18.0,37.6
935405513,CMA CGM Marco Polo,2026-08-27T14:18:16Z,19.91113922787627,-155.29387243280254,10.3,283.2
815520623,Stena Bulk,2026-08-27T12:26:33Z,19.225755217046324,-156.3672850990307,6.7,179.3
238656035,Suezmax Glory,2026-08-27T19:04:48Z,21.264668223702408,-154.4314814566967,8.2,153.7
623329248,Torm Gertrude,2026-08-28T01:53:33Z,21.132675521511494,-156.40792365901964,6.3,37.6
558923060,Berge Emperor,2026-08-27T19:47:11Z,19.0578748805713,-154.5141634331295,7.0,250.2
779591781,Berge Emperor,2026-08-27T11:42:57Z,20.694372616325847,-155.91972879405432,6.5,180.3
981334714,TI Europe,2026-08-27T15:33:56Z,20.646689587176635,-154.99110692605748,9.6,120.1
369899549,Suezmax Glory,2026-08-28T03:11:11Z,19.045853624130807,-156.3099337088025,10.1,70.5
640152054,MV Seawise Giant,2026-08-27T08:22:34Z,21.26739783474972,-153.62544030950474,15.0,64.7
321536542,Hafnia Lise,2026-08-27T23:35:14Z,20.987332041347244,-156.2734560060126,9.9,178.2
199283470,BW Tiber,2026-08-27T11:45:06Z,18.848191181233734,-153.9311503715362,11.0,329.5
707419915,MV Seawise Giant,2026-08-27T23:40:01Z,21.343136414550237,-155.30605908976963,16.9,318.3
808336284,MV Seawise Giant,2026-08-28T00:07:20Z,20.676970021988613,-153.58568671278428,10.5,77.2
342964343,Boraq,2026-08-27T08:49:33Z,19.268194256554008,-154.34277366234562,5.4,340.7
703048212,CSCL Globe,2026-08-27T10:19:30Z,18.96611434796624,-154.8093069056472,8.1,125.4
788725437,CMA CGM Marco Polo,2026-08-28T03:45:25Z,20.120537473155288,-157.54201820847388,16.8,294.1
192332459,Boraq,2026-08-27T06:06:10Z,18.149239175087967,-156.20723648611445,13.1,127.2
544568011,Oasis of the Seas,2026-08-28T00:12:26Z,20.29707870520626,-156.97608221802756,6.0,259.5
140980840,Boraq,2026-08-27T20:55:42Z,19.371166357036625,-157.20915772487362,14.3,89.2
758830134,BW Tiber,2026-08-28T00:08:10Z,19.751715472329447,-154.1074317478502,17.8,17.3
544447676,Oasis of the Seas,2026-08-27T22:57:40Z,20.59561206736753,-154.84913059887486,11.4,133.4
557447384,Nordic Zenith,2026-08-27T21:42:48Z,20.219936540226286,-156.92318692959134,9.4,33.8
618734231,Esso Atlantic,2026-08-27T12:29:56Z,18.585575292638303,-154.28079910763876,5.3,137.9
427770471,Nordic Zenith,2026-08-27T08:04:03Z,18.503993793556432,-155.3648682522945,13.8,237.0
544918396,Ever Given,2026-08-27T21:51:26Z,19.591963940075907,-154.03728120432885,9.0,145.8
756474499,Ever Given,2026-08-27T11:30:03Z,21.36394346676522,-157.53361416940058,15.6,85.7
643093548,Cosco Guangzhou,2026-08-27T05:43:22Z,19.773631614744858,-154.92988998874202,8.0,38.6
744176018,Oasis of the Seas,2026-08-27T16:03:22Z,19.352089463405516,-156.64805893135772,13.4,142.8
467999222,BW Tiber,2026-08-27T17:05:52Z,19.742100354655754,-156.7730784854805,9.9,300.7
347435297,MV Seawise Giant,2026-08-27T23:12:35Z,21.279562654207016,-155.61109217553104,16.8,339.1
866168442,Emma Maersk,2026-08-27T12:09:01Z,21.107857615866052,-156.22190271230917,19.0,345.8
664303403,Nordic Zenith,2026-08-27T22:49:57Z,19.5696132718546,-154.9346794589643,13.2,1.2
988133074,Boraq,2026-08-27T06:30:52Z,21.489707891234396,-156.68488648188486,17.9,302.4
177133651,Boraq,2026-08-27T11:54:45Z,20.013571154144365,-155.15990933593184,13.8,89.9
303886203,Batillus,2026-08-27T13:26:25Z,18.646260129585805,-155.911843135375,18.5,134.6
508592144,Fure West,2026-08-27T07:47:23Z,18.330165009924148,-156.27008296128528,18.3,141.9
462645297,MV Seawise Giant,2026-08-27T07:54:43Z,17.97219022941335,-155.7667904133208,19.4,293.9
286502772,Cosco Guangzhou,2026-08-27T07:45:31Z,19.193860397700842,-157.26142356953397,17.5,187.4
511316962,Nordic Zenith,2026-08-28T00:36:07Z,19.51279274471934,-157.05945397092947,18.2,234.0
115362924,Suezmax Glory,2026-08-27T22:17:43Z,19.620562712146615,-156.32708592825404,14.3,37.0
473822966,TI Europe,2026-08-27T23:01:27Z,19.342199989239703,-153.70148313926654,7.6,236.8
315468054,Stena Bulk,2026-08-27T09:41:23Z,18.368479092118008,-156.73603223856475,18.8,282.3
361268169,Fure West,2026-08-27T14:52:02Z,19.111798765678913,-155.27218307383643,19.8,292.3
960080584,Suezmax Glory,2026-08-27T10:42:21Z,18.01861147708854,-155.81791805857767,5.5,350.4
605588642,Esso Atlantic,2026-08-27T21:43:37Z,19.91575316853041,-156.15467198115755,11.6,251.3
577238533,TI Europe,2026-08-27T11:02:35Z,21.883476627899856,-157.2358696958622,6.6,219.7
529174292,Suezmax Glory,2026-08-27T07:50:39Z,21.022679514743874,-154.9519020326969,5.7,10.7
715552373,TI Europe,2026-08-27T16:06:09Z,17.943774094555266,-156.31683672553933,14.8,188.3
120325831,CSCL Globe,2026-08-27T22:20:48Z,21.08518138893824,-155.3680873114312,14.5,71.1
980794056,Emma Maersk,2026-08-27T20:25:13Z,18.381748633640825,-155.45548317454495,7.8,236.9
830761849,Fure West,2026-08-27T22:02:02Z,20.09097682567907,-154.10524721259807,18.1,23.0
856204961,Esso Atlantic,2026-08-28T02:55:49Z,18.566947330836904,-157.2033691439644,8.4,270.8
845795542,TI Europe,2026-08-28T00:46:35Z,18.723218243175722,-154.1280670738797,11.4,225.5
623253233,CSCL Globe,2026-08-27T23:12:34Z,18.886197084044134,-156.7276228649915,16.1,61.6
173418893,BW Tiber,2026-08-27T17:59:49Z,20.959252220133806,-154.22053826156852,11.5,295.6
729618134,Stena Bulk,2026-08-27T04:56:29Z,20.899041015814042,-156.92207965300673,12.4,135.3
758043978,CMA CGM Marco Polo,2026-08-27T23:37:44Z,20.80400501458984,-156.9706428332756,13.0,91.8
415413860,Esso Atlantic,2026-08-27T12:46:51Z,20.253259442893565,-153.81859294905138,7.3,60.5
340790005,Suezmax Glory,2026-08-27T12:06:32Z,18.68032235572088,-156.5343734346115,12.2,172.8
127680405,Suezmax Glory,2026-08-27T14:33:59Z,21.84871585749297,-155.37673830176197,14.5,155.1
952478704,Emma Maersk,2026-08-27T20:29:06Z,18.563125554862445,-155.56771759499247,17.5,98.7
428533521,Pioneering Spirit,2026-08-27T23:13:06Z,18.515483372460405,-155.62078616377008,17.2,299.2
728632533,Emma Maersk,2026-08-27T13:32:45Z,18.12350415335752,-156.5853796823991,7.8,82.3
911757987,Cosco Guangzhou,2026-08-27T05:57:25Z,17.966212094245428,-153.84373619789864,7.6,324.4
358396700,Berge Emperor,2026-08-27T18:15:22Z,18.81842548472612,-155.548891159928,14.1,273.8
585411127,Knock Nevis,2026-08-27T15:22:17Z,18.66464792012052,-154.2984488700861,17.6,329.1
893245938,Esso Atlantic,2026-08-27T11:50:56Z,21.391676361147343,-153.73970488010758,18.8,179.9
468032511,Suezmax Glory,2026-08-27T05:56:52Z,19.895199239922587,-154.33976480907663,7.6,316.3
681440133,Torm Gertrude,2026-08-27T05:57:42Z,18.730648840569266,-154.36888911267812,18.3,99.9
813776883,Cosco Guangzhou,2026-08-27T14:40:59Z,18.919217738190607,-154.4837525283201,11.7,301.3
106177902,Knock Nevis,2026-08-27T10:34:09Z,21.713909361333414,-157.38709366923365,17.0,356.9
964569071,CMA CGM Marco Polo,2026-08-27T21:24:40Z,21.2754883258829,-157.50375519957555,15.9,353.0
711806532,Fure West,2026-08-27T12:04:31Z,20.535410396779426,-157.25723883706246,5.5,127.6
341878118,Pioneering Spirit,2026-08-27T20:22:35Z,17.964647153494628,-156.62578057053886,15.6,232.4
941968729,Fure West,2026-08-27T18:02:45Z,19.508144488088796,-157.50623609599074,9.6,38.8
926488223,Stena Bulk,2026-08-27T12:05:51Z,20.21104929934523,-156.8550489010256,10.9,20.5
688605404,Pioneering Spirit,2026-08-27T06:59:39Z,20.04372105365501,-155.7593120525779,6.1,145.2
427830520,TI Europe,2026-08-27T07:54:46Z,21.872625617046797,-155.02155109026214,14.0,293.9
847568546,Hafnia Lise,2026-08-27T05:35:21Z,20.86052657108487,-156.73592068517476,14.4,88.5
676142891,Oasis of the Seas,2026-08-27T15:48:21Z,20.880498817839566,-157.09114839713098,15.2,221.2
663862982,Suezmax Glory,2026-08-27T11:04:16Z,20.000729756521615,-154.23627739368186,6.3,75.9
630201874,TI Europe,2026-08-28T03:09:34Z,18.821705736094877,-154.63605578642603,8.5,279.5
472902375,MSC Oscar,2026-08-27T18:45:24Z,21.84654394002725,-156.20661771600123,6.5,204.9
449634059,CSCL Globe,2026-08-28T02:18:41Z,21.303724106415142,-156.45538098665978,10.1,332.6
571577381,Nordic Zenith,2026-08-27T23:48:10Z,19.02461670374089,-154.9432520015342,6.8,216.0
579443309,Knock Nevis,2026-08-27T07:25:48Z,20.558759466553795,-156.66088184234894,12.8,165.3
888298077,Batillus,2026-08-27T09:12:36Z,20.408549203512546,-155.3199092853792,11.6,35.4
993224063,Fure West,2026-08-27T06:48:02Z,18.75220785632592,-157.09965617140796,7.4,343.1
327770549,Batillus,2026-08-27T07:17:46Z,21.015235507858517,-154.71289077768358,15.5,31.7
195434497,Pioneering Spirit,2026-08-27T09:03:01Z,19.90809073606151,-157.0262982280202,18.9,122.5
382741540,TI Europe,2026-08-28T02:55:22Z,18.418954963168055,-157.2882042344924,9.2,260.3
847635130,Batillus,2026-08-28T00:21:30Z,20.634153188087602,-154.6779291566624,5.0,191.7
812184252,CMA CGM Marco Polo,2026-08-27T14:19:20Z,19.758073706419328,-157.066126467125,19.8,113.6
982773350,Ever Given,2026-08-27T07:30:52Z,19.567588534352225,-154.53525035033047,19.5,151.5
759922713,MV Seawise Giant,2026-08-27T06:45:49Z,17.95813801031142,-156.675747051964,11.5,87.7
626484848,BW Tiber,2026-08-27T08:54:42Z,20.23013185628081,-155.94857624854126,9.2,169.6
156660494,Torm Gertrude,2026-08-27T22:27:24Z,17.922465850342544,-155.6480059427567,18.1,73.1
966501855,Knock Nevis,2026-08-27T23:56:31Z,20.286041151761065,-156.8766284274081,16.7,137.8
474349735,Suezmax Glory,2026-08-28T03:06:59Z,20.247003471744097,-155.2602510861915,16.9,325.4
131872357,BW Tiber,2026-08-27T17:49:55Z,20.331590689766653,-154.7876339020541,9.5,269.7
397949057,Boraq,2026-08-27T10:56:07Z,18.38563223859231,-155.9470498548078,12.2,34.0
104666370,Torm Gertrude,2026-08-27T08:57:06Z,19.479964768801274,-157.48908323814067,9.4,197.5
533016791,Stena Bulk,2026-08-27T22:53:24Z,19.631314857060744,-154.93676623157438,15.5,291.4
366997543,Berge Emperor,2026-08-27T10:01:07Z,18.923381973892813,-155.89278641770966,12.6,12.4
962696628,Torm Gertrude,2026-08-27T05:01:20Z,18.449061258093273,-154.80086950617576,11.0,249.5
510351830,Nordic Zenith,2026-08-27T05:45:20Z,18.446178717766657,-154.2306481651199,13.3,86.7
132831270,Hafnia Lise,2026-08-27T11:08:48Z,20.268926577530625,-155.51373078090688,8.1,20.9
714611532,Nordic Zenith,2026-08-27T20:35:37Z,19.50276496045971,-154.7957382886695,14.0,79.2
278548916,Fure West,2026-08-27T15:20:55Z,17.924899644501977,-156.55385067066413,16.5,335.0
880792165,Esso Atlantic,2026-08-27T12:44:09Z,20.7825598073876,-154.370446129657,11.1,86.6
909509642,Boraq,2026-08-27T14:24:42Z,18.42751445577772,-156.5565181448791,17.3,107.2
201643488,Cosco Guangzhou,2026-08-28T00:05:52Z,19.53214862079637,-155.64839354415656,5.4,303.5
740421064,CMA CGM Marco Polo,2026-08-27T10:51:23Z,20.524028813946323,-153.74641460471972,15.7,59.4
717188360,Knock Nevis,2026-08-27T07:43:08Z,21.842688462631397,-154.4000229210994,16.9,127.6
844521100,Boraq,2026-08-28T00:20:57Z,18.081860186647607,-155.49546752366825,11.3,42.1
707368527,Berge Emperor,2026-08-28T00:51:50Z,21.870753749322276,-156.10296397173312,12.9,57.1
148503366,Oasis of the Seas,2026-08-28T03:04:10Z,19.12888262484622,-153.73983868457748,6.7,26.5
261190469,Stena Bulk,2026-08-27T10:03:11Z,21.086458903476846,-156.7081454704741,10.3,189.3
887491532,Suezmax Glory,2026-08-27T14:27:56Z,20.592938441705297,-156.08709062936612,17.6,162.3
942060262,BW Tiber,2026-08-27T19:09:24Z,21.777640004169456,-156.25214482286435,14.6,26.3
987182515,Esso Atlantic,2026-08-27T09:50:13Z,20.725319763276456,-154.08770658244666,12.9,139.1
710358907,CSCL Globe,2026-08-27T04:47:44Z,19.54072677232533,-154.57685724811412,10.1,36.2
872053078,BW Tiber,2026-08-27T18:45:22Z,18.852660024224733,-156.97549605118257,10.5,312.5
735389417,Suezmax Glory,2026-08-27T13:30:03Z,21.56714019405183,-156.12692515590368,7.9,330.3
671050533,Ever Given,2026-08-27T15:22:40Z,20.41759893548532,-156.61083033074502,13.7,266.3
256616832,Stena Bulk,2026-08-27T18:33:06Z,18.68565052883058,-154.94396880165294,13.6,69.9
943555723,Cosco Guangzhou,2026-08-28T02:15:37Z,18.42148911514409,-156.80516534336823,5.2,245.0
981347227,Nordic Zenith,2026-08-27T05:31:48Z,19.044814315454996,-156.95496339357587,16.4,191.7
238254096,BW Tiber,2026-08-28T03:14:32Z,20.47261641441393,-156.00332314742866,19.5,198.6
108286543,CSCL Globe,2026-08-27T05:07:44Z,20.69106830332492,-156.7359081075584,7.8,219.1
587393579,CMA CGM Marco Polo,2026-08-27T11:03:47Z,17.976628765407302,-157.45455344690907,17.6,146.7
336349384,Oasis of the Seas,2026-08-27T05:58:46Z,20.398296512008134,-155.73859787111837,7.9,153.4
672497209,MV Seawise Giant,2026-08-27T16:33:07Z,18.43581545344562,-156.08597991203823,18.9,342.7
740537569,Oasis of the Seas,2026-08-27T05:23:20Z,20.641600535122066,-156.00004165478396,19.8,207.1
693728500,MV Seawise Giant,2026-08-27T23:47:05Z,19.696984410816217,-157.2023219506355,17.0,350.2
902284313,Berge Emperor,2026-08-27T21:46:09Z,20.897231876860516,-153.8641865151851,18.4,265.0
538874847,BW Tiber,2026-08-27T13:32:58Z,21.883399186513962,-154.46536733687608,16.5,288.4
348969606,TI Europe,2026-08-27T05:17:21Z,19.289491805777327,-156.86785743323367,6.5,79.9
934827615,Oasis of the Seas,2026-08-27T13:15:56Z,18.687933045729164,-154.2022866769915,9.0,309.3
887726691,Torm Gertrude,2026-08-27T14:08:34Z,19.78603849304294,-154.0852704811911,19.5,121.8
314335319,Ever Given,2026-08-28T00:29:03Z,18.591297198749167,-155.00093973123572,16.4,138.2
902147496,Nordic Zenith,2026-08-27T16:09:02Z,19.81782419121939,-155.4177304886417,6.8,163.3
439254950,Pioneering Spirit,2026-08-27T11:14:14Z,20.795874799798614,-157.45783110345496,15.3,142.3
703404195,Emma Maersk,2026-08-28T02:34:59Z,21.61190798660349,-157.09788741891157,16.5,213.7
764406904,Hafnia Lise,2026-08-27T07:55:14Z,19.88106836204688,-156.6813677128813,19.6,19.8
941816000,Batillus,2026-08-28T04:15:38Z,17.936431000507117,-155.95860528476535,18.1,136.0
379718411,Berge Emperor,2026-08-27T05:35:35Z,18.648360007061093,-155.429081878233,8.1,6.5
440437446,Cosco Guangzhou,2026-08-27T12:01:51Z,17.945617553369765,-153.6055944064847,15.9,72.4
217332188,Cosco Guangzhou,2026-08-27T05:29:11Z,20.759612401670328,-156.34912245730666,8.4,153.1
519334629,Fure West,2026-08-27T21:08:46Z,18.928954438656895,-155.76569608463384,16.0,35.8
335980346,Oasis of the Seas,2026-08-27T23:27:48Z,21.643173400269745,-153.9343354814972,16.3,209.1
745680889,Oasis of the Seas,2026-08-27T18:14:13Z,18.99813182027816,-153.70077319413946,7.6,9.5
265920995,Stena Bulk,2026-08-28T01:46:30Z,20.361411587604294,-155.8571781472615,5.3,0.2
951296620,Fure West,2026-08-27T14:27:35Z,19.679081953066074,-157.48878236415348,8.0,68.8
803903142,MSC Oscar,2026-08-27T09:03:57Z,19.69283208543309,-154.6117750059418,15.0,318.7
193078357,Emma Maersk,2026-08-28T03:12:46Z,19.544376177720654,-157.11981515844795,11.9,279.7
583303294,Boraq,2026-08-28T04:27:32Z,20.57630544894999,-155.67899919485785,5.7,82.4
706900116,CSCL Globe,2026-08-28T04:10:47Z,18.717048500557045,-156.4625164407649,19.7,238.1
343623280,Hafnia Lise,2026-08-27T18:10:18Z,19.32805685209012,-156.92296502361194,17.0,293.2
765855479,Esso Atlantic,2026-08-27T15:23:25Z,17.918512832283206,-154.1253991891212,7.9,124.3
497475690,MSC Oscar,2026-08-27T09:10:26Z,20.61150494781571,-156.2619786621053,12.2,251.3
599370071,Esso Atlantic,2026-08-27T14:15:18Z,21.56435701011688,-155.01254378268905,12.0,357.3
187228693,CSCL Globe,2026-08-27T05:59:01Z,21.437306902375216,-155.87441499783867,11.3,75.8
